{"assets/audio/bgm.m4a":["assets/audio/bgm.m4a"],"assets/audio/coin.m4a":["assets/audio/coin.m4a"],"assets/audio/door.m4a":["assets/audio/door.m4a"],"assets/audio/hit.m4a":["assets/audio/hit.m4a"],"assets/audio/muiscaNivelExtra.m4a":["assets/audio/muiscaNivelExtra.m4a"],"assets/audio/salto.m4a":["assets/audio/salto.m4a"],"assets/icon.png":["assets/icon.png"],"assets/icon/1024.png":["assets/icon/1024.png"],"assets/icon/icon.png":["assets/icon/icon.png"],"assets/icon/play_store_512_foreground.png":["assets/icon/play_store_512_foreground.png"],"assets/images/Spritesheet.png":["assets/images/Spritesheet.png"],"assets/images/fondo_juego.jpg":["assets/images/fondo_juego.jpg"],"assets/images/fondo_juego.png":["assets/images/fondo_juego.png"],"assets/images/img.png":["assets/images/img.png"],"assets/tiles/Spritesheet.tsx":["assets/tiles/Spritesheet.tsx"],"assets/tiles/nivel1.tmx":["assets/tiles/nivel1.tmx"],"assets/tiles/nivel10.tmx":["assets/tiles/nivel10.tmx"],"assets/tiles/nivel11.tmx":["assets/tiles/nivel11.tmx"],"assets/tiles/nivel12.tmx":["assets/tiles/nivel12.tmx"],"assets/tiles/nivel13.tmx":["assets/tiles/nivel13.tmx"],"assets/tiles/nivel14.tmx":["assets/tiles/nivel14.tmx"],"assets/tiles/nivel15.tmx":["assets/tiles/nivel15.tmx"],"assets/tiles/nivel2.tmx":["assets/tiles/nivel2.tmx"],"assets/tiles/nivel3.tmx":["assets/tiles/nivel3.tmx"],"assets/tiles/nivel4.tmx":["assets/tiles/nivel4.tmx"],"assets/tiles/nivel5.tmx":["assets/tiles/nivel5.tmx"],"assets/tiles/nivel6.tmx":["assets/tiles/nivel6.tmx"],"assets/tiles/nivel7.tmx":["assets/tiles/nivel7.tmx"],"assets/tiles/nivel8.tmx":["assets/tiles/nivel8.tmx"],"assets/tiles/nivel9.tmx":["assets/tiles/nivel9.tmx"],"assets/tiles/nivelExtra.tmx":["assets/tiles/nivelExtra.tmx"],"packages/cupertino_icons/assets/CupertinoIcons.ttf":["packages/cupertino_icons/assets/CupertinoIcons.ttf"],"packages/fluttertoast/assets/toastify.css":["packages/fluttertoast/assets/toastify.css"],"packages/fluttertoast/assets/toastify.js":["packages/fluttertoast/assets/toastify.js"]}